business_date,pricing_model,is_flagged_quality_row,data_quality_flag_type,target_rooms_sold,property_total_rooms,forecast_rooms_sold,forecast_occupancy_rate,demand_band,pricing_reference_adr,pricing_adjustment_rate,recommended_adr,historical_adr_net,recommended_vs_reference_adr_delta,recommended_vs_historical_adr_delta,historical_room_revenue_net,simulated_revenue_at_actual_rooms,forecast_revenue_at_recommended_adr,simulated_revenue_delta_at_actual_rooms,data_quality_review_note
2025-01-01,xgboost,0,,11,60,37.76689910888672,0.6294483184814453,neutral,141.07,0.0,141.07,141.0682,0.0,0.0,1551.75,1551.77,5327.78,0.02,
2025-01-02,xgboost,0,,15,60,22.38960075378418,0.3731600125630697,low,134.73,-0.08,123.95,134.7313,-10.78,-10.78,2020.97,1859.25,2775.19,-161.72,
2025-01-03,xgboost,0,,17,60,32.962276458740234,0.5493712743123372,moderately_low,103.92,-0.04,99.76,103.9247,-4.16,-4.16,1766.72,1695.92,3288.32,-70.8,
2025-01-04,xgboost,0,,22,60,30.321081161499023,0.5053513526916504,moderately_low,139.99,-0.04,134.39,139.985,-5.6,-5.6,3079.67,2956.58,4074.85,-123.09,
2025-01-05,xgboost,1,zero_rooms_sold,0,60,16.90665626525879,0.2817776044209798,very_low,124.86,-0.12,109.88,0.0,-14.98,109.88,0.0,0.0,1857.7,0.0,"Zero rooms sold and zero revenue; possible closure, outage, or raw report anomaly."
2025-01-06,xgboost,1,zero_rooms_sold,0,60,11.625959396362305,0.19376598993937175,very_low,120.7,-0.12,106.22,0.0,-14.48,106.22,0.0,0.0,1234.91,0.0,"Zero rooms sold and zero revenue; possible closure, outage, or raw report anomaly."
2025-01-07,xgboost,1,zero_rooms_sold,0,60,16.85364532470703,0.2808940887451172,very_low,116.73,-0.12,102.72,0.0,-14.01,102.72,0.0,0.0,1731.21,0.0,"Zero rooms sold and zero revenue; possible closure, outage, or raw report anomaly."
2025-01-08,xgboost,1,zero_rooms_sold,0,60,31.569469451904297,0.526157824198405,moderately_low,112.49,-0.04,107.99,0.0,-4.5,107.99,0.0,0.0,3409.19,0.0,"Zero rooms sold and zero revenue; possible closure, outage, or raw report anomaly."
2025-01-09,xgboost,1,zero_rooms_sold,0,60,38.53639602661133,0.6422732671101888,neutral,108.71,0.0,108.71,0.0,0.0,108.71,318.68,0.0,4189.29,-318.68,"Zero rooms sold but nonzero net room revenue; likely revenue adjustment, late posting, or report anomaly."
2025-01-10,xgboost,1,zero_rooms_sold,0,60,41.265869140625,0.6877644856770834,neutral,104.77,0.0,104.77,0.0,0.0,104.77,0.0,0.0,4323.43,0.0,"Zero rooms sold and zero revenue; possible closure, outage, or raw report anomaly."
2025-01-11,xgboost,1,zero_rooms_sold,0,60,40.7816047668457,0.6796934127807617,neutral,100.31,0.0,100.31,0.0,0.0,100.31,0.0,0.0,4090.8,0.0,"Zero rooms sold and zero revenue; possible closure, outage, or raw report anomaly."
2025-01-12,xgboost,1,zero_rooms_sold,0,60,32.911930084228516,0.5485321680704752,moderately_low,95.2,-0.04,91.39,0.0,-3.81,91.39,0.0,0.0,3007.82,0.0,"Zero rooms sold and zero revenue; possible closure, outage, or raw report anomaly."
2025-01-13,xgboost,1,zero_rooms_sold,0,60,32.087467193603516,0.5347911198933919,moderately_low,90.87,-0.04,87.24,0.0,-3.63,87.24,0.0,0.0,2799.31,0.0,"Zero rooms sold and zero revenue; possible closure, outage, or raw report anomaly."
2025-01-14,xgboost,1,zero_rooms_sold,0,60,35.67485809326172,0.5945809682210287,moderately_low,86.88,-0.04,83.4,0.0,-3.48,83.4,0.0,0.0,2975.28,0.0,"Zero rooms sold and zero revenue; possible closure, outage, or raw report anomaly."
2025-01-15,xgboost,1,zero_rooms_sold,0,60,37.78053665161133,0.6296756108601888,neutral,82.62,0.0,82.62,0.0,0.0,82.62,0.0,0.0,3121.43,0.0,Zero rooms sold with out-of-order rooms present; possible partial closure or outage period.
2025-01-16,xgboost,0,,1,60,40.8037223815918,0.6800620396931966,neutral,109.0,0.0,109.0,109.0,0.0,0.0,109.0,109.0,4447.61,0.0,
2025-01-17,xgboost,0,,23,60,45.0981330871582,0.7516355514526367,moderately_high,129.26,0.04,134.43,129.257,5.17,5.17,2972.91,3091.89,6062.54,118.98,
2025-01-18,xgboost,0,,44,60,51.81232070922851,0.8635386784871418,high,150.16,0.08,162.17,150.1575,12.01,12.01,6606.93,7135.48,8402.4,528.55,
2025-01-19,xgboost,0,,13,60,36.86731719970703,0.6144552866617838,neutral,129.69,0.0,129.69,129.6938,0.0,-0.0,1686.02,1685.97,4781.32,-0.05,
2025-01-20,xgboost,0,,5,60,39.522830963134766,0.6587138493855794,neutral,172.89,0.0,172.89,172.89,0.0,0.0,864.45,864.45,6833.1,0.0,
2025-01-21,xgboost,0,,2,60,36.9066276550293,0.6151104609171549,neutral,164.1,0.0,164.1,164.095,0.0,0.0,328.19,328.2,6056.38,0.01,
2025-01-22,xgboost,0,,13,60,37.78650665283203,0.6297751108805338,neutral,132.66,0.0,132.66,132.6631,0.0,-0.0,1724.62,1724.58,5012.76,-0.04,
2025-01-23,xgboost,0,,14,60,44.122161865234375,0.7353693644205729,moderately_high,117.43,0.04,122.13,117.4293,4.7,4.7,1644.01,1709.82,5388.64,65.81,
2025-01-24,xgboost,0,,56,60,49.84653091430664,0.8307755152384441,high,130.93,0.08,141.4,130.93,10.47,10.47,7332.08,7918.4,7048.3,586.32,
2025-01-25,xgboost,0,,58,60,52.56555938720703,0.8760926564534505,high,127.68,0.08,137.89,127.68,10.21,10.21,7405.44,7997.62,7248.26,592.18,
2025-01-26,xgboost,0,,20,60,37.292388916015625,0.621539815266927,neutral,111.8,0.0,111.8,111.7975,0.0,0.0,2235.95,2236.0,4169.29,0.05,
2025-01-27,xgboost,0,,17,60,33.753692626953125,0.5625615437825521,moderately_low,99.92,-0.04,95.92,99.9247,-4.0,-4.0,1698.72,1630.64,3237.65,-68.08,
2025-01-28,xgboost,0,,21,60,28.93549919128418,0.48225831985473633,low,108.49,-0.08,99.81,108.4862,-8.68,-8.68,2278.21,2096.01,2888.05,-182.2,
2025-01-29,xgboost,0,,25,60,27.379365921020508,0.4563227653503418,low,118.25,-0.08,108.79,118.2484,-9.46,-9.46,2956.21,2719.75,2978.6,-236.46,
2025-01-30,xgboost,0,,28,60,35.86322784423828,0.5977204640706381,moderately_low,137.65,-0.04,132.14,137.6543,-5.51,-5.51,3854.32,3699.92,4738.97,-154.4,
2025-01-31,xgboost,0,,53,60,45.515438079833984,0.7585906346638998,moderately_high,133.38,0.04,138.72,133.3768,5.34,5.34,7068.97,7352.16,6313.9,283.19,
2025-02-01,xgboost,0,,59,60,51.47900390625,0.8579833984375,high,132.5,0.08,143.1,132.5019,10.6,10.6,7817.61,8442.9,7366.65,625.29,
2025-02-02,xgboost,0,,19,60,31.61133575439453,0.5268555959065755,moderately_low,116.99,-0.04,112.31,116.9889,-4.68,-4.68,2222.79,2133.89,3550.27,-88.9,
2025-02-03,xgboost,0,,23,60,30.81242561340332,0.5135404268900553,moderately_low,113.44,-0.04,108.9,113.437,-4.54,-4.54,2609.05,2504.7,3355.47,-104.35,
2025-02-04,xgboost,0,,25,60,33.09188461303711,0.5515314102172851,moderately_low,117.36,-0.04,112.67,117.3564,-4.69,-4.69,2933.91,2816.75,3728.46,-117.16,
2025-02-05,xgboost,0,,25,60,35.23863983154297,0.5873106638590495,moderately_low,127.76,-0.04,122.65,127.7608,-5.11,-5.11,3194.02,3066.25,4322.02,-127.77,
2025-02-06,xgboost,0,,26,60,42.20014190673828,0.703335698445638,moderately_high,125.28,0.04,130.29,125.2796,5.01,5.01,3257.27,3387.54,5498.26,130.27,
2025-02-07,xgboost,0,,31,60,54.10125350952149,0.9016875584920249,very_high,120.96,0.12,135.48,120.9616,14.52,14.52,3749.81,4199.88,7329.64,450.07,
2025-02-08,xgboost,0,,46,60,53.3846549987793,0.889744249979655,high,123.2,0.08,133.06,123.1996,9.86,9.86,5667.18,6120.76,7103.36,453.58,
2025-02-09,xgboost,0,,13,60,38.64912414550781,0.6441520690917969,neutral,112.87,0.0,112.87,112.8677,0.0,0.0,1467.28,1467.31,4362.33,0.03,
2025-02-10,xgboost,0,,16,60,32.34244155883789,0.5390406926472981,moderately_low,203.71,-0.04,195.56,203.7081,-8.15,-8.15,3259.33,3128.96,6324.89,-130.37,
2025-02-11,xgboost,0,,21,60,37.90800476074219,0.6318000793457031,neutral,110.37,0.0,110.37,110.3686,0.0,0.0,2317.74,2317.77,4183.91,0.03,
2025-02-12,xgboost,0,,21,60,33.78181838989258,0.5630303064982096,moderately_low,116.88,-0.04,112.2,116.8814,-4.68,-4.68,2454.51,2356.2,3790.32,-98.31,
2025-02-13,xgboost,0,,25,60,31.441450119018555,0.5240241686503092,moderately_low,159.02,-0.04,152.66,159.022,-6.36,-6.36,3975.55,3816.5,4799.85,-159.05,
2025-02-14,xgboost,0,,60,60,50.286842346191406,0.8381140391031902,high,162.14,0.08,175.11,162.1448,12.97,12.97,9728.69,10506.6,8805.73,777.91,
2025-02-15,xgboost,0,,54,60,51.184688568115234,0.8530781428019206,high,163.13,0.08,176.18,163.1296,13.05,13.05,8809.0,9513.72,9017.72,704.72,
2025-02-16,xgboost,0,,31,60,29.589067459106445,0.49315112431844077,low,144.06,-0.08,132.54,144.0619,-11.52,-11.52,4465.92,4108.74,3921.74,-357.18,
2025-02-17,xgboost,0,,20,60,28.652910232543945,0.47754850387573244,low,112.79,-0.08,103.77,112.7905,-9.02,-9.02,2255.81,2075.4,2973.31,-180.41,
2025-02-18,xgboost,0,,31,60,24.544092178344727,0.4090682029724121,low,112.05,-0.08,103.09,112.0548,-8.96,-8.96,3473.7,3195.79,2530.25,-277.91,
2025-02-19,xgboost,0,,37,60,33.911991119384766,0.5651998519897461,moderately_low,113.32,-0.04,108.79,113.3241,-4.53,-4.53,4192.99,4025.23,3689.29,-167.76,
2025-02-20,xgboost,0,,44,60,33.36922836303711,0.5561538060506185,moderately_low,111.98,-0.04,107.5,111.9816,-4.48,-4.48,4927.19,4730.0,3587.19,-197.19,
2025-02-21,xgboost,0,,59,60,49.653282165527344,0.8275547027587891,high,132.46,0.08,143.06,132.4646,10.6,10.6,7815.41,8440.54,7103.4,625.13,
2025-02-22,xgboost,0,,59,60,49.93752670288086,0.832292111714681,high,149.14,0.08,161.07,149.1378,11.93,11.93,8799.13,9503.13,8043.44,704.0,
2025-02-23,xgboost,0,,11,60,22.179420471191406,0.3696570078531901,low,101.17,-0.08,93.08,101.1691,-8.09,-8.09,1112.86,1023.88,2064.46,-88.98,
2025-02-24,xgboost,0,,29,60,17.016958236694336,0.2836159706115723,very_low,102.22,-0.12,89.95,102.2224,-12.27,-12.27,2964.45,2608.55,1530.68,-355.9,
2025-02-25,xgboost,0,,22,60,27.367769241333008,0.45612948735555015,low,109.32,-0.08,100.57,109.315,-8.75,-8.75,2404.93,2212.54,2752.38,-192.39,
2025-02-26,xgboost,0,,35,60,24.374027252197266,0.4062337875366211,low,108.37,-0.08,99.7,108.372,-8.67,-8.67,3793.02,3489.5,2430.09,-303.52,
2025-02-27,xgboost,0,,32,60,38.417118072509766,0.6402853012084961,neutral,105.93,0.0,105.93,105.9316,0.0,-0.0,3389.81,3389.76,4069.53,-0.05,
2025-02-28,xgboost,0,,53,60,56.360721588134766,0.9393453598022461,very_high,119.26,0.12,133.57,119.2634,14.31,14.31,6320.96,7079.21,7528.1,758.25,
2025-03-01,xgboost,0,,58,60,58.02423858642578,0.9670706431070963,very_high,135.28,0.12,151.51,135.2781,16.23,16.23,7846.13,8787.58,8791.25,941.45,
2025-03-02,xgboost,0,,11,60,27.956743240356445,0.4659457206726074,low,96.37,-0.08,88.66,96.3745,-7.71,-7.71,1060.12,975.26,2478.64,-84.86,
2025-03-03,xgboost,0,,35,60,22.310138702392575,0.37183564503987626,low,114.75,-0.08,105.57,114.7457,-9.18,-9.18,4016.1,3694.95,2355.28,-321.15,
2025-03-04,xgboost,0,,35,60,33.25617218017578,0.554269536336263,moderately_low,115.32,-0.04,110.71,115.3237,-4.61,-4.61,4036.33,3874.85,3681.79,-161.48,
2025-03-05,xgboost,0,,39,60,36.91388320922851,0.6152313868204752,neutral,119.58,0.0,119.58,119.5815,0.0,-0.0,4663.68,4663.62,4414.16,-0.06,
2025-03-06,xgboost,0,,35,60,38.18170166015625,0.6363616943359375,neutral,118.11,0.0,118.11,118.1114,0.0,-0.0,4133.9,4133.85,4509.64,-0.05,
2025-03-07,xgboost,0,,60,60,52.33282852172851,0.8722138086954752,high,135.57,0.08,146.42,135.573,10.85,10.85,8134.38,8785.2,7662.57,650.82,
2025-03-08,xgboost,0,,59,60,57.01738739013672,0.950289789835612,very_high,147.05,0.12,164.7,147.0493,17.65,17.65,8675.91,9717.3,9390.76,1041.39,
2025-03-09,xgboost,0,,20,60,26.41993522644043,0.44033225377400714,low,81.45,-0.08,75.0,81.4545,-6.45,-6.45,1629.09,1500.0,1981.5,-129.09,
2025-03-10,xgboost,0,,32,60,21.6335506439209,0.36055917739868165,low,103.19,-0.08,94.93,103.1869,-8.26,-8.26,3301.98,3037.76,2053.67,-264.22,
2025-03-11,xgboost,0,,31,60,30.732242584228516,0.5122040430704753,moderately_low,98.98,-0.04,95.02,98.9771,-3.96,-3.96,3068.29,2945.62,2920.18,-122.67,
2025-03-12,xgboost,0,,37,60,28.28902244567871,0.4714837074279785,low,97.35,-0.08,89.56,97.3508,-7.79,-7.79,3601.98,3313.72,2533.56,-288.26,
2025-03-13,xgboost,0,,42,60,30.21349334716797,0.5035582224527995,moderately_low,95.72,-0.04,91.89,95.715,-3.83,-3.83,4020.03,3859.38,2776.32,-160.65,
2025-03-14,xgboost,0,,58,60,55.164100646972656,0.9194016774495443,very_high,119.94,0.12,134.33,119.9429,14.39,14.39,6956.69,7791.14,7410.19,834.45,
2025-03-15,xgboost,0,,59,60,56.497798919677734,0.9416299819946289,very_high,120.61,0.12,135.08,120.6097,14.47,14.47,7115.97,7969.72,7631.72,853.75,
2025-03-16,xgboost,0,,34,60,22.21196556091309,0.37019942601521816,low,105.88,-0.08,97.41,105.8815,-8.47,-8.47,3599.97,3311.94,2163.67,-288.03,
2025-03-17,xgboost,0,,31,60,29.190073013305664,0.48650121688842773,low,86.26,-0.08,79.36,86.2594,-6.9,-6.9,2674.04,2460.16,2316.52,-213.88,
2025-03-18,xgboost,0,,32,60,25.90358543395996,0.4317264238993327,low,101.73,-0.08,93.59,101.73,-8.14,-8.14,3255.36,2994.88,2424.32,-260.48,
2025-03-19,xgboost,0,,24,60,28.185001373291016,0.46975002288818357,low,108.38,-0.08,99.71,108.385,-8.67,-8.68,2601.24,2393.04,2810.33,-208.2,
2025-03-20,xgboost,0,,49,60,28.48681640625,0.4747802734375,low,126.29,-0.08,116.19,126.2904,-10.1,-10.1,6188.23,5693.31,3309.88,-494.92,
2025-03-21,xgboost,0,,58,60,54.011329650878906,0.9001888275146485,very_high,156.56,0.12,175.35,156.5614,18.79,18.79,9080.56,10170.3,9470.89,1089.74,
2025-03-22,xgboost,0,,60,60,57.223636627197266,0.9537272771199544,very_high,150.11,0.12,168.12,150.1063,18.01,18.01,9006.38,10087.2,9620.44,1080.82,
2025-03-23,xgboost,0,,30,60,15.634493827819824,0.2605748971303304,very_low,114.08,-0.12,100.39,114.078,-13.69,-13.69,3422.34,3011.7,1569.55,-410.64,
2025-03-24,xgboost,0,,30,60,23.921825408935547,0.3986970901489258,low,115.5,-0.08,106.26,115.5,-9.24,-9.24,3465.0,3187.8,2541.93,-277.2,
2025-03-25,xgboost,0,,30,60,24.05002212524414,0.4008337020874023,low,107.25,-0.08,98.67,107.2473,-8.58,-8.58,3217.42,2960.1,2373.02,-257.32,
2025-03-26,xgboost,0,,35,60,26.931476593017575,0.4488579432169596,low,115.06,-0.08,105.86,115.0577,-9.2,-9.2,4027.02,3705.1,2850.97,-321.92,
2025-03-27,xgboost,0,,43,60,34.181339263916016,0.5696889877319335,moderately_low,109.42,-0.04,105.04,109.4221,-4.38,-4.38,4705.15,4516.72,3590.41,-188.43,
2025-03-28,xgboost,0,,58,60,52.70097732543945,0.8783496220906576,high,153.31,0.08,165.57,153.3095,12.26,12.26,8891.95,9603.06,8725.7,711.11,
2025-03-29,xgboost,0,,58,60,55.671905517578125,0.9278650919596354,very_high,143.89,0.12,161.16,143.8936,17.27,17.27,8345.83,9347.28,8972.08,1001.45,
2025-03-30,xgboost,0,,40,60,14.375056266784668,0.2395842711130778,very_low,118.11,-0.12,103.94,118.1095,-14.17,-14.17,4724.38,4157.6,1494.14,-566.78,
2025-03-31,xgboost,0,,33,60,25.527368545532227,0.4254561424255371,low,104.8,-0.08,96.42,104.7961,-8.38,-8.38,3458.27,3181.86,2461.35,-276.41,
2025-04-01,xgboost,0,,23,60,31.060394287109375,0.5176732381184895,moderately_low,94.78,-0.04,90.99,94.7778,-3.79,-3.79,2179.89,2092.77,2826.19,-87.12,
2025-04-02,xgboost,0,,24,60,23.232484817504883,0.387208080291748,low,109.64,-0.08,100.87,109.6437,-8.77,-8.77,2631.45,2420.88,2343.46,-210.57,
2025-04-03,xgboost,0,,33,60,30.44307327270508,0.5073845545450847,moderately_low,117.48,-0.04,112.78,117.477,-4.7,-4.7,3876.74,3721.74,3433.37,-155.0,
2025-04-04,xgboost,0,,59,60,55.23570251464844,0.9205950419108073,very_high,156.84,0.12,175.66,156.8361,18.82,18.82,9253.33,10363.94,9702.7,1110.61,
2025-04-05,xgboost,0,,59,60,58.605072021484375,0.976751200358073,very_high,165.08,0.12,184.89,165.0771,19.81,19.81,9739.55,10908.51,10835.49,1168.96,
2025-04-06,xgboost,0,,36,60,22.455076217651367,0.3742512702941895,low,122.65,-0.08,112.84,122.6458,-9.81,-9.81,4415.25,4062.24,2533.83,-353.01,
2025-04-07,xgboost,0,,19,60,26.15555191040039,0.43592586517333987,low,105.02,-0.08,96.62,105.0158,-8.4,-8.4,1995.3,1835.78,2527.15,-159.52,
2025-04-08,xgboost,0,,23,60,18.729286193847656,0.31215476989746094,very_low,108.6,-0.12,95.57,108.6,-13.03,-13.03,2497.8,2198.11,1789.96,-299.69,
2025-04-09,xgboost,0,,28,60,22.222761154174805,0.3703793525695801,low,104.42,-0.08,96.07,104.4221,-8.35,-8.35,2923.82,2689.96,2134.94,-233.86,
2025-04-10,xgboost,0,,50,60,27.9537410736084,0.46589568456013997,low,145.57,-0.08,133.92,145.5736,-11.65,-11.65,7278.68,6696.0,3743.57,-582.68,
2025-04-11,xgboost,0,,59,60,57.742042541503906,0.9623673756917318,very_high,184.33,0.12,206.45,184.329,22.12,22.12,10875.41,12180.55,11920.84,1305.14,
2025-04-12,xgboost,0,,59,60,57.80661392211914,0.9634435653686524,very_high,166.44,0.12,186.41,166.44,19.97,19.97,9819.96,10998.19,10775.73,1178.23,
2025-04-13,xgboost,0,,32,60,22.167240142822266,0.36945400238037107,low,113.8,-0.08,104.7,113.7969,-9.1,-9.1,3641.5,3350.4,2320.91,-291.1,
2025-04-14,xgboost,0,,39,60,26.36622428894043,0.4394370714823405,low,108.92,-0.08,100.21,108.9192,-8.71,-8.71,4247.85,3908.19,2642.16,-339.66,
2025-04-15,xgboost,0,,33,60,25.5169734954834,0.42528289159139,low,106.0,-0.08,97.52,105.9973,-8.48,-8.48,3497.91,3218.16,2488.42,-279.75,
2025-04-16,xgboost,0,,34,60,30.9427547454834,0.51571257909139,moderately_low,115.33,-0.04,110.72,115.3318,-4.61,-4.61,3921.28,3764.48,3425.98,-156.8,
2025-04-17,xgboost,0,,43,60,42.9470100402832,0.7157835006713867,moderately_high,116.49,0.04,121.15,116.4926,4.66,4.66,5009.18,5209.45,5203.03,200.27,
2025-04-18,xgboost,0,,60,60,55.918758392333984,0.9319793065388997,very_high,147.19,0.12,164.85,147.1857,17.66,17.66,8831.14,9891.0,9218.21,1059.86,
2025-04-19,xgboost,0,,59,60,57.68750762939453,0.9614584604899089,very_high,148.41,0.12,166.22,148.4058,17.81,17.81,8755.94,9806.98,9588.82,1051.04,
2025-04-20,xgboost,0,,27,60,23.03301429748535,0.38388357162475584,low,114.27,-0.08,105.13,114.273,-9.14,-9.14,3085.37,2838.51,2421.46,-246.86,
2025-04-21,xgboost,0,,39,60,27.085538864135746,0.45142564773559574,low,116.04,-0.08,106.76,116.0436,-9.28,-9.28,4525.7,4163.64,2891.65,-362.06,
2025-04-22,xgboost,0,,44,60,29.3829345703125,0.489715576171875,low,112.58,-0.08,103.57,112.5848,-9.01,-9.01,4953.73,4557.08,3043.19,-396.65,
2025-04-23,xgboost,0,,36,60,34.94377899169922,0.5823963165283204,moderately_low,110.17,-0.04,105.76,110.1747,-4.41,-4.41,3966.29,3807.36,3695.65,-158.93,
2025-04-24,xgboost,0,,50,60,38.45963287353515,0.6409938812255859,neutral,118.56,0.0,118.56,118.5572,0.0,0.0,5927.86,5928.0,4559.77,0.14,
2025-04-25,xgboost,0,,55,60,56.017723083496094,0.9336287180582682,very_high,167.05,0.12,187.1,167.0495,20.05,20.05,9187.72,10290.5,10480.92,1102.78,
2025-04-26,xgboost,0,,59,60,56.66697311401367,0.9444495519002278,very_high,176.65,0.12,197.85,176.6524,21.2,21.2,10422.49,11673.15,11211.56,1250.66,
2025-04-27,xgboost,0,,21,60,28.844812393188477,0.48074687321980797,low,119.35,-0.08,109.8,119.3548,-9.55,-9.55,2506.45,2305.8,3167.16,-200.65,
2025-04-28,xgboost,0,,30,60,21.628826141357425,0.36048043568929045,low,115.33,-0.08,106.1,115.3313,-9.23,-9.23,3459.94,3183.0,2294.82,-276.94,
2025-04-29,xgboost,0,,35,60,26.835092544555664,0.44725154240926107,low,128.82,-0.08,118.51,128.8206,-10.31,-10.31,4508.72,4147.85,3180.23,-360.87,
2025-04-30,xgboost,0,,29,60,31.952566146850582,0.5325427691141764,moderately_low,108.36,-0.04,104.03,108.3555,-4.33,-4.33,3142.31,3016.87,3324.03,-125.44,
2025-05-01,xgboost,0,,30,60,38.89332580566406,0.6482220967610677,neutral,119.48,0.0,119.48,119.4837,0.0,-0.0,3584.51,3584.4,4646.97,-0.11,
2025-05-02,xgboost,0,,58,60,55.7571907043457,0.929286511739095,very_high,152.96,0.12,171.32,152.9588,18.36,18.36,8871.61,9936.56,9552.32,1064.95,
2025-05-03,xgboost,0,,59,60,58.06053161621094,0.967675526936849,very_high,194.33,0.12,217.65,194.3281,23.32,23.32,11465.36,12841.35,12636.87,1375.99,
2025-05-04,xgboost,0,,19,60,23.937198638916016,0.39895331064860023,low,120.96,-0.08,111.28,120.9589,-9.68,-9.68,2298.22,2114.32,2663.73,-183.9,
2025-05-05,xgboost,0,,8,60,18.14179420471191,0.3023632367451985,very_low,101.8,-0.12,89.58,101.8025,-12.22,-12.22,814.42,716.64,1625.14,-97.78,
2025-05-06,xgboost,0,,13,60,16.611478805541992,0.27685798009236656,very_low,114.6,-0.12,100.85,114.6038,-13.75,-13.75,1489.85,1311.05,1675.27,-178.8,
2025-05-07,xgboost,0,,43,60,19.422563552856445,0.32370939254760744,very_low,180.19,-0.12,158.57,180.1947,-21.62,-21.62,7748.37,6818.51,3079.84,-929.86,
2025-05-08,xgboost,0,,54,60,39.15038299560547,0.6525063832600911,neutral,192.65,0.0,192.65,192.6457,0.0,0.0,10402.87,10403.1,7542.32,0.23,
2025-05-09,xgboost,0,,60,60,54.140228271484375,0.9023371378580729,very_high,197.93,0.12,221.68,197.9342,23.75,23.75,11876.05,13300.8,12001.81,1424.75,
2025-05-10,xgboost,0,,59,60,54.61528015136719,0.9102546691894531,very_high,233.73,0.12,261.78,233.7329,28.05,28.05,13790.24,15445.02,14297.19,1654.78,
2025-05-11,xgboost,0,,15,60,30.11332893371582,0.5018888155619303,moderately_low,108.49,-0.04,104.15,108.4927,-4.34,-4.34,1627.39,1562.25,3136.3,-65.14,
2025-05-12,xgboost,0,,34,60,22.044837951660156,0.3674139658610026,low,129.92,-0.08,119.53,129.9182,-10.39,-10.39,4417.22,4064.02,2635.02,-353.2,
2025-05-13,xgboost,0,,44,60,31.395904541015625,0.5232650756835937,moderately_low,140.57,-0.04,134.95,140.5668,-5.62,-5.62,6184.94,5937.8,4236.88,-247.14,
2025-05-14,xgboost,0,,56,60,39.066192626953125,0.6511032104492187,neutral,147.14,0.0,147.14,147.1373,0.0,0.0,8239.69,8239.84,5748.2,0.15,
2025-05-15,xgboost,0,,50,60,47.87385559082031,0.7978975931803386,moderately_high,195.61,0.04,203.43,195.6086,7.82,7.82,9780.43,10171.5,9738.98,391.07,
2025-05-16,xgboost,0,,59,60,55.681739807128906,0.9280289967854818,very_high,263.73,0.12,295.38,263.7314,31.65,31.65,15560.15,17427.42,16447.27,1867.27,
2025-05-17,xgboost,0,,58,60,57.79411315917969,0.9632352193196615,very_high,263.4,0.12,295.01,263.396,31.61,31.61,15276.97,17110.58,17049.84,1833.61,
2025-05-18,xgboost,0,,36,60,37.37261962890625,0.6228769938151042,neutral,179.2,0.0,179.2,179.2047,0.0,-0.0,6451.37,6451.2,6697.17,-0.17,
2025-05-19,xgboost,0,,22,60,27.936498641967773,0.4656083106994629,low,166.78,-0.08,153.44,166.7836,-13.34,-13.34,3669.24,3375.68,4286.58,-293.56,
2025-05-20,xgboost,0,,26,60,31.681041717529297,0.5280173619588217,moderately_low,149.85,-0.04,143.86,149.8492,-5.99,-5.99,3896.08,3740.36,4557.63,-155.72,
2025-05-21,xgboost,0,,22,60,37.99467468261719,0.6332445780436198,neutral,132.24,0.0,132.24,132.2368,0.0,0.0,2909.21,2909.28,5024.42,0.07,
2025-05-22,xgboost,0,,20,60,40.280052185058594,0.6713342030843099,neutral,153.92,0.0,153.92,153.9155,0.0,0.0,3078.31,3078.4,6199.91,0.09,
2025-05-23,xgboost,0,,56,60,52.71678161621094,0.878613026936849,high,239.79,0.08,258.97,239.7936,19.18,19.18,13428.44,14502.32,13652.06,1073.88,
2025-05-24,xgboost,0,,57,60,59.93161392211914,0.998860232035319,very_high,237.02,0.12,265.46,237.016,28.44,28.44,13509.91,15131.22,15909.45,1621.31,
2025-05-25,xgboost,0,,52,60,38.43501281738281,0.6405835469563802,neutral,167.94,0.0,167.94,167.9385,0.0,0.0,8732.8,8732.88,6454.78,0.08,
2025-05-26,xgboost,0,,9,60,24.59429359436035,0.4099048932393392,low,100.36,-0.08,92.33,100.3633,-8.03,-8.03,903.27,830.97,2270.79,-72.3,
2025-05-27,xgboost,0,,9,60,17.376937866210938,0.2896156311035156,very_low,147.33,-0.12,129.65,147.3278,-17.68,-17.68,1325.95,1166.85,2252.92,-159.1,
2025-05-28,xgboost,0,,17,60,21.054344177246097,0.35090573628743493,low,146.86,-0.08,135.11,146.8618,-11.75,-11.75,2496.65,2296.87,2844.65,-199.78,
2025-05-29,xgboost,0,,37,60,20.560102462768555,0.3426683743794759,very_low,171.97,-0.12,151.33,171.97,-20.64,-20.64,6362.89,5599.21,3111.36,-763.68,
2025-05-30,xgboost,0,,54,60,53.54265594482422,0.8923775990804036,high,207.64,0.08,224.25,207.635,16.61,16.62,11212.29,12109.5,12006.94,897.21,
2025-05-31,xgboost,0,,58,60,55.08087921142578,0.918014653523763,very_high,202.47,0.12,226.77,202.4657,24.3,24.3,11743.01,13152.66,12490.69,1409.65,
2025-06-01,xgboost,0,,45,60,26.484922409057617,0.4414153734842936,low,146.43,-0.08,134.72,146.4349,-11.71,-11.71,6589.57,6062.4,3568.05,-527.17,
2025-06-02,xgboost,0,,25,60,29.112001419067383,0.485200023651123,low,135.9,-0.08,125.03,135.8956,-10.87,-10.87,3397.39,3125.75,3639.87,-271.64,
2025-06-03,xgboost,0,,25,60,32.29477310180664,0.538246218363444,moderately_low,121.94,-0.04,117.06,121.938,-4.88,-4.88,3048.45,2926.5,3780.43,-121.95,
2025-06-04,xgboost,0,,39,60,31.565156936645508,0.5260859489440918,moderately_low,124.8,-0.04,119.81,124.8031,-4.99,-4.99,4867.32,4672.59,3781.82,-194.73,
2025-06-05,xgboost,0,,34,60,40.434627532958984,0.6739104588826498,neutral,137.21,0.0,137.21,137.2147,0.0,-0.0,4665.3,4665.14,5548.04,-0.16,
2025-06-06,xgboost,0,,58,60,57.06979751586914,0.9511632919311523,very_high,210.94,0.12,236.25,210.945,25.31,25.31,12234.81,13702.5,13482.74,1467.69,
2025-06-07,xgboost,0,,57,60,57.87668228149414,0.9646113713582357,very_high,221.11,0.12,247.64,221.1116,26.53,26.53,12603.36,14115.48,14332.58,1512.12,
2025-06-08,xgboost,0,,29,60,35.195796966552734,0.5865966161092122,moderately_low,127.79,-0.04,122.68,127.7879,-5.11,-5.11,3705.85,3557.72,4317.82,-148.13,
2025-06-09,xgboost,0,,34,60,32.55171585083008,0.5425285975138346,moderately_low,103.17,-0.04,99.04,103.1691,-4.13,-4.13,3507.75,3367.36,3223.92,-140.39,
2025-06-10,xgboost,0,,48,60,35.59169387817383,0.5931948979695638,moderately_low,127.72,-0.04,122.61,127.725,-5.11,-5.11,6130.8,5885.28,4363.9,-245.52,
2025-06-11,xgboost,0,,39,60,48.27179718017578,0.8045299530029297,high,129.67,0.08,140.04,129.6677,10.37,10.37,5057.04,5461.56,6759.98,404.52,
2025-06-12,xgboost,0,,44,60,41.18412399291992,0.6864020665486653,neutral,166.54,0.0,166.54,166.5409,0.0,-0.0,7327.8,7327.76,6858.8,-0.04,
2025-06-13,xgboost,0,,60,60,58.518653869628906,0.9753108978271484,very_high,199.45,0.12,223.38,199.4517,23.93,23.93,11967.1,13402.8,13071.9,1435.7,
2025-06-14,xgboost,0,,59,60,58.77519989013672,0.979586664835612,very_high,195.41,0.12,218.86,195.408,23.45,23.45,11529.07,12912.74,12863.54,1383.67,
2025-06-15,xgboost,0,,16,60,29.18235969543457,0.4863726615905762,low,128.07,-0.08,117.82,128.0675,-10.25,-10.25,2049.08,1885.12,3438.27,-163.96,
2025-06-16,xgboost,0,,10,60,23.835208892822266,0.39725348154703777,low,102.26,-0.08,94.08,102.262,-8.18,-8.18,1022.62,940.8,2242.42,-81.82,
2025-06-17,xgboost,0,,22,60,22.871152877807617,0.3811858812967936,low,119.76,-0.08,110.18,119.7568,-9.58,-9.58,2634.65,2423.96,2519.94,-210.69,
2025-06-18,xgboost,0,,13,60,32.03931427001953,0.5339885711669922,moderately_low,124.5,-0.04,119.52,124.4985,-4.98,-4.98,1618.48,1553.76,3829.34,-64.72,
2025-06-19,xgboost,0,,31,60,28.504053115844727,0.47506755193074546,low,159.8,-0.08,147.02,159.799,-12.78,-12.78,4953.77,4557.62,4190.67,-396.15,
2025-06-20,xgboost,0,,60,60,57.12654495239258,0.9521090825398763,very_high,194.6,0.12,217.95,194.5993,23.35,23.35,11675.96,13077.0,12450.73,1401.04,
2025-06-21,xgboost,0,,57,60,58.90115737915039,0.9816859563191732,very_high,199.21,0.12,223.12,199.2098,23.91,23.91,11354.96,12717.84,13142.03,1362.88,
2025-06-22,xgboost,0,,19,60,31.693584442138672,0.5282264073689779,moderately_low,157.09,-0.04,150.81,157.09,-6.28,-6.28,2984.71,2865.39,4779.71,-119.32,
2025-06-23,xgboost,0,,19,60,29.402053833007812,0.49003423055013023,low,140.01,-0.08,128.81,140.0111,-11.2,-11.2,2660.21,2447.39,3787.28,-212.82,
2025-06-24,xgboost,0,,34,60,30.21526336669922,0.5035877227783203,moderately_low,154.38,-0.04,148.2,154.3809,-6.18,-6.18,5248.95,5038.8,4477.9,-210.15,
2025-06-25,xgboost,0,,36,60,44.83420181274414,0.747236696879069,moderately_high,162.23,0.04,168.72,162.2319,6.49,6.49,5840.35,6073.92,7564.43,233.57,
2025-06-26,xgboost,0,,31,60,40.46063995361328,0.674343999226888,neutral,155.19,0.0,155.19,155.1926,0.0,-0.0,4810.97,4810.89,6279.09,-0.08,
2025-06-27,xgboost,0,,59,60,55.13140869140625,0.9188568115234375,very_high,218.92,0.12,245.19,218.9176,26.27,26.27,12916.14,14466.21,13517.67,1550.07,
2025-06-28,xgboost,0,,59,60,56.6341438293457,0.9439023971557617,very_high,214.82,0.12,240.6,214.8244,25.78,25.78,12674.64,14195.4,13626.18,1520.76,
2025-06-29,xgboost,0,,32,60,25.10114097595215,0.4183523495992025,low,118.98,-0.08,109.46,118.9834,-9.52,-9.52,3807.47,3502.72,2747.57,-304.75,
2025-06-30,xgboost,0,,25,60,27.920433044433594,0.4653405507405599,low,120.59,-0.08,110.94,120.594,-9.65,-9.65,3014.85,2773.5,3097.49,-241.35,
2025-07-01,xgboost,0,,29,60,25.88408470153809,0.4314014116923015,low,125.15,-0.08,115.14,125.1531,-10.01,-10.01,3629.44,3339.06,2980.29,-290.38,
2025-07-02,xgboost,0,,23,60,37.3077392578125,0.621795654296875,neutral,124.7,0.0,124.7,124.6965,0.0,0.0,2868.02,2868.1,4652.28,0.08,
2025-07-03,xgboost,0,,30,60,30.677736282348633,0.5112956047058106,moderately_low,147.14,-0.04,141.25,147.143,-5.89,-5.89,4414.29,4237.5,4333.23,-176.79,
2025-07-04,xgboost,0,,57,60,57.7361946105957,0.962269910176595,very_high,150.95,0.12,169.06,150.9482,18.11,18.11,8604.05,9636.42,9760.88,1032.37,
2025-07-05,xgboost,0,,59,60,58.552249908447266,0.9758708318074544,very_high,158.39,0.12,177.4,158.3947,19.01,19.01,9345.29,10466.6,10387.17,1121.31,
2025-07-06,xgboost,0,,32,60,25.551664352416992,0.4258610725402832,low,129.23,-0.08,118.89,129.2306,-10.34,-10.34,4135.38,3804.48,3037.84,-330.9,
2025-07-07,xgboost,0,,23,60,31.904813766479492,0.5317468961079915,moderately_low,153.23,-0.04,147.1,153.2252,-6.13,-6.13,3524.18,3383.3,4693.2,-140.88,
2025-07-08,xgboost,0,,39,60,31.45130729675293,0.5241884549458822,moderately_low,161.76,-0.04,155.29,161.7631,-6.47,-6.47,6308.76,6056.31,4884.07,-252.45,
2025-07-09,xgboost,0,,44,60,42.54353332519531,0.7090588887532552,moderately_high,152.25,0.04,158.34,152.2511,6.09,6.09,6699.05,6966.96,6736.34,267.91,
2025-07-10,xgboost,0,,45,60,43.06423568725586,0.7177372614542643,moderately_high,169.07,0.04,175.83,169.074,6.76,6.76,7608.33,7912.35,7571.98,304.02,
2025-07-11,xgboost,0,,60,60,57.707645416259766,0.961794090270996,very_high,190.16,0.12,212.98,190.157,22.82,22.82,11409.42,12778.8,12290.57,1369.38,
2025-07-12,xgboost,0,,59,60,56.88232421875,0.9480387369791666,very_high,168.16,0.12,188.34,168.1642,20.18,20.18,9921.69,11112.06,10713.22,1190.37,
2025-07-13,xgboost,0,,30,60,28.499753952026367,0.47499589920043944,low,118.7,-0.08,109.2,118.6993,-9.5,-9.5,3560.98,3276.0,3112.17,-284.98,
2025-07-14,xgboost,0,,29,60,29.375234603881836,0.4895872433980306,low,134.68,-0.08,123.91,134.6824,-10.77,-10.77,3905.79,3593.39,3639.89,-312.4,
2025-07-15,xgboost,0,,30,60,33.82773208618164,0.563795534769694,moderately_low,126.51,-0.04,121.45,126.5107,-5.06,-5.06,3795.32,3643.5,4108.38,-151.82,
2025-07-16,xgboost,0,,26,60,38.370792388916016,0.6395132064819335,neutral,135.1,0.0,135.1,135.0981,0.0,0.0,3512.55,3512.6,5183.89,0.05,
2025-07-17,xgboost,0,,36,60,43.14645004272461,0.7191075007120769,moderately_high,129.3,0.04,134.47,129.2972,5.17,5.17,4654.7,4840.92,5801.9,186.22,
2025-07-18,xgboost,0,,60,60,57.19680404663086,0.9532800674438476,very_high,189.49,0.12,212.23,189.4937,22.74,22.74,11369.62,12733.8,12138.88,1364.18,
2025-07-19,xgboost,0,,60,60,58.80328750610352,0.980054791768392,very_high,202.19,0.12,226.45,202.1927,24.26,24.26,12131.56,13587.0,13316.0,1455.44,
2025-07-20,xgboost,0,,37,60,31.27996063232422,0.5213326772054037,moderately_low,126.23,-0.04,121.18,126.2265,-5.05,-5.05,4670.38,4483.66,3790.51,-186.72,
2025-07-21,xgboost,0,,43,60,33.59848403930664,0.559974733988444,moderately_low,141.7,-0.04,136.03,141.6995,-5.67,-5.67,6093.08,5849.29,4570.4,-243.79,
2025-07-22,xgboost,0,,27,60,34.80170822143555,0.5800284703572591,moderately_low,141.23,-0.04,135.58,141.2348,-5.65,-5.65,3813.34,3660.66,4718.42,-152.68,
2025-07-23,xgboost,0,,32,60,38.208377838134766,0.6368062973022461,neutral,141.89,0.0,141.89,141.8903,0.0,-0.0,4540.49,4540.48,5421.39,-0.01,
2025-07-24,xgboost,0,,42,60,39.49432373046875,0.6582387288411459,neutral,134.85,0.0,134.85,134.849,0.0,0.0,5663.66,5663.7,5325.81,0.04,
2025-07-25,xgboost,0,,58,60,58.485694885253906,0.9747615814208984,very_high,178.13,0.12,199.51,178.1291,21.38,21.38,10331.49,11571.58,11668.48,1240.09,
2025-07-26,xgboost,0,,60,60,58.88640975952149,0.9814401626586915,very_high,195.16,0.12,218.58,195.1628,23.42,23.42,11709.77,13114.8,12871.39,1405.03,
2025-07-27,xgboost,0,,29,60,31.764284133911133,0.5294047355651855,moderately_low,124.82,-0.04,119.83,124.8245,-4.99,-4.99,3619.91,3475.07,3806.31,-144.84,
2025-07-28,xgboost,0,,27,60,37.797420501708984,0.6299570083618165,neutral,152.63,0.0,152.63,152.6296,0.0,0.0,4121.0,4121.01,5769.02,0.01,
2025-07-29,xgboost,0,,28,60,34.65619659423828,0.577603276570638,moderately_low,132.65,-0.04,127.34,132.6475,-5.31,-5.31,3714.13,3565.52,4413.12,-148.61,
2025-07-30,xgboost,0,,25,60,36.982635498046875,0.6163772583007813,neutral,135.13,0.0,135.13,135.1304,0.0,-0.0,3378.26,3378.25,4997.46,-0.01,
2025-07-31,xgboost,0,,38,60,39.35307693481445,0.6558846155802409,neutral,178.93,0.0,178.93,178.9305,0.0,-0.0,6799.36,6799.34,7041.45,-0.02,
2025-08-01,xgboost,0,,57,60,58.05120849609375,0.9675201416015625,very_high,203.45,0.12,227.86,203.4472,24.41,24.41,11596.49,12988.02,13227.55,1391.53,
2025-08-02,xgboost,0,,59,60,59.14486312866211,0.9857477188110352,very_high,182.14,0.12,204.0,182.1429,21.86,21.86,10746.43,12036.0,12065.55,1289.57,
2025-08-03,xgboost,0,,18,60,30.0220947265625,0.5003682454427083,moderately_low,104.57,-0.04,100.39,104.5689,-4.18,-4.18,1882.24,1807.02,3013.92,-75.22,
2025-08-04,xgboost,0,,21,60,24.11672592163086,0.40194543202718097,low,112.54,-0.08,103.54,112.5429,-9.0,-9.0,2363.4,2174.34,2497.05,-189.06,
2025-08-05,xgboost,0,,18,60,28.78641700744629,0.47977361679077146,low,123.36,-0.08,113.49,123.3589,-9.87,-9.87,2220.46,2042.82,3266.97,-177.64,
2025-08-06,xgboost,0,,18,60,28.957185745239254,0.48261976242065424,low,128.89,-0.08,118.58,128.8894,-10.31,-10.31,2320.01,2134.44,3433.74,-185.57,
2025-08-07,xgboost,0,,19,60,32.1527214050293,0.5358786900838216,moderately_low,133.44,-0.04,128.1,133.4363,-5.34,-5.34,2535.29,2433.9,4118.76,-101.39,
2025-08-08,xgboost,0,,52,60,45.65674591064453,0.7609457651774089,moderately_high,156.66,0.04,162.93,156.659,6.27,6.27,8146.27,8472.36,7438.85,326.09,
2025-08-09,xgboost,0,,57,60,60.0,1.0,very_high,173.94,0.12,194.81,173.9437,20.87,20.87,9914.79,11104.17,11688.6,1189.38,
2025-08-10,xgboost,0,,42,60,32.47739791870117,0.5412899653116862,moderately_low,176.16,-0.04,169.11,176.1557,-7.05,-7.05,7398.54,7102.62,5492.25,-295.92,
2025-08-11,xgboost,0,,22,60,36.22868728637695,0.6038114547729492,neutral,137.25,0.0,137.25,137.2468,0.0,0.0,3019.43,3019.5,4972.39,0.07,
2025-08-12,xgboost,0,,36,60,34.3901481628418,0.5731691360473633,moderately_low,129.22,-0.04,124.05,129.22,-5.17,-5.17,4651.92,4465.8,4266.1,-186.12,
2025-08-13,xgboost,0,,39,60,39.27732467651367,0.6546220779418945,neutral,125.88,0.0,125.88,125.8774,0.0,0.0,4909.22,4909.32,4944.23,0.1,
2025-08-14,xgboost,0,,46,60,41.94517517089844,0.6990862528483073,neutral,147.22,0.0,147.22,147.225,0.0,-0.0,6772.35,6772.12,6175.17,-0.23,
2025-08-15,xgboost,0,,60,60,58.36935043334961,0.9728225072224935,very_high,193.92,0.12,217.19,193.9187,23.27,23.27,11635.12,13031.4,12677.24,1396.28,
2025-08-16,xgboost,0,,59,60,59.21627426147461,0.9869379043579102,very_high,192.62,0.12,215.73,192.6195,23.11,23.11,11364.55,12728.07,12774.73,1363.52,
2025-08-17,xgboost,0,,26,60,30.04186248779297,0.5006977081298828,moderately_low,89.81,-0.04,86.22,89.8127,-3.59,-3.59,2335.13,2241.72,2590.21,-93.41,
2025-08-18,xgboost,0,,36,60,27.903507232666016,0.46505845387776695,low,97.86,-0.08,90.03,97.8586,-7.83,-7.83,3522.91,3241.08,2512.15,-281.83,
2025-08-19,xgboost,0,,24,60,36.22725296020508,0.6037875493367513,neutral,122.18,0.0,122.18,122.1821,0.0,-0.0,2932.37,2932.32,4426.25,-0.05,
2025-08-20,xgboost,0,,32,60,31.581581115722656,0.5263596852620442,moderately_low,135.88,-0.04,130.44,135.8791,-5.44,-5.44,4348.13,4174.08,4119.5,-174.05,
2025-08-21,xgboost,0,,42,60,45.21005630493164,0.7535009384155273,moderately_high,174.78,0.04,181.77,174.7831,6.99,6.99,7340.89,7634.34,8217.83,293.45,
2025-08-22,xgboost,0,,60,60,59.590538024902344,0.9931756337483724,very_high,217.92,0.12,244.07,217.9152,26.15,26.15,13074.91,14644.2,14544.26,1569.29,
2025-08-23,xgboost,0,,59,60,59.00654983520508,0.9834424972534179,very_high,199.53,0.12,223.47,199.5286,23.94,23.94,11772.19,13184.73,13186.19,1412.54,
2025-08-24,xgboost,0,,48,60,30.636079788208008,0.5106013298034668,moderately_low,112.5,-0.04,108.0,112.5029,-4.5,-4.5,5400.14,5184.0,3308.7,-216.14,
2025-08-25,xgboost,0,,55,60,37.63216018676758,0.6272026697794596,neutral,110.89,0.0,110.89,110.8902,0.0,-0.0,6098.96,6098.95,4173.03,-0.01,
2025-08-26,xgboost,0,,59,60,40.67351913452149,0.6778919855753582,neutral,129.75,0.0,129.75,129.7475,0.0,0.0,7655.1,7655.25,5277.39,0.15,
2025-08-27,xgboost,0,,60,60,51.23013687133789,0.8538356145222982,high,145.19,0.08,156.81,145.1898,11.62,11.62,8711.39,9408.6,8033.4,697.21,
2025-08-28,xgboost,0,,60,60,52.36115264892578,0.8726858774820964,high,165.9,0.08,179.17,165.8995,13.27,13.27,9953.97,10750.2,9381.55,796.23,
2025-08-29,xgboost,0,,57,60,59.93964767456055,0.9989941279093425,very_high,194.33,0.12,217.65,194.3268,23.32,23.32,11076.63,12406.05,13045.86,1329.42,
2025-08-30,xgboost,0,,59,60,59.347537994384766,0.9891256332397461,very_high,224.17,0.12,251.07,224.1717,26.9,26.9,13226.13,14813.13,14900.39,1587.0,
2025-08-31,xgboost,0,,59,60,42.91580581665039,0.7152634302775065,moderately_high,184.71,0.04,192.1,184.7115,7.39,7.39,10897.98,11333.9,8244.13,435.92,
2025-09-01,xgboost,0,,25,60,40.646942138671875,0.6774490356445313,neutral,136.92,0.0,136.92,136.916,0.0,0.0,3422.9,3423.0,5565.38,0.1,
2025-09-02,xgboost,0,,24,60,37.90709686279297,0.6317849477132161,neutral,114.69,0.0,114.69,114.6917,0.0,-0.0,2752.6,2752.56,4347.56,-0.04,
2025-09-03,xgboost,0,,22,60,33.209346771240234,0.5534891128540039,moderately_low,109.29,-0.04,104.92,109.2873,-4.37,-4.37,2404.32,2308.24,3484.32,-96.08,
2025-09-04,xgboost,0,,33,60,24.511438369750977,0.40852397282918296,low,176.96,-0.08,162.8,176.9558,-14.16,-14.16,5839.54,5372.4,3990.46,-467.14,
2025-09-05,xgboost,0,,60,60,55.806976318359375,0.9301162719726562,very_high,209.89,0.12,235.08,209.8882,25.19,25.19,12593.29,14104.8,13119.1,1511.51,
2025-09-06,xgboost,0,,59,60,58.15867233276367,0.9693112055460612,very_high,208.49,0.12,233.51,208.4886,25.02,25.02,12300.83,13777.09,13580.63,1476.26,
2025-09-07,xgboost,0,,13,60,33.703338623046875,0.5617223103841146,moderately_low,109.65,-0.04,105.26,109.6485,-4.39,-4.39,1425.43,1368.38,3547.61,-57.05,
2025-09-08,xgboost,0,,22,60,24.33515357971191,0.4055858929951985,low,121.23,-0.08,111.53,121.2286,-9.7,-9.7,2667.03,2453.66,2714.1,-213.37,
2025-09-09,xgboost,0,,18,60,31.57085227966309,0.5261808713277182,moderately_low,108.26,-0.04,103.93,108.2567,-4.33,-4.33,1948.62,1870.74,3281.16,-77.88,
2025-09-10,xgboost,0,,20,60,26.01848602294922,0.4336414337158203,low,116.76,-0.08,107.42,116.765,-9.34,-9.34,2335.3,2148.4,2794.91,-186.9,
2025-09-11,xgboost,0,,28,60,31.319580078125,0.5219930013020834,moderately_low,113.55,-0.04,109.01,113.5479,-4.54,-4.54,3179.34,3052.28,3414.15,-127.06,
2025-09-12,xgboost,0,,58,60,53.97690200805664,0.8996150334676106,high,172.76,0.08,186.58,172.7574,13.82,13.82,10019.93,10821.64,10071.01,801.71,
2025-09-13,xgboost,0,,58,60,58.730743408203125,0.978845723470052,very_high,198.87,0.12,222.73,198.8712,23.86,23.86,11534.53,12918.34,13081.1,1383.81,
2025-09-14,xgboost,0,,20,60,37.38527297973633,0.6230878829956055,neutral,106.09,0.0,106.09,106.087,0.0,0.0,2121.74,2121.8,3966.2,0.06,
2025-09-15,xgboost,0,,37,60,28.203184127807617,0.4700530687967936,low,108.01,-0.08,99.37,108.0095,-8.64,-8.64,3996.35,3676.69,2802.55,-319.66,
2025-09-16,xgboost,0,,42,60,42.56694412231445,0.7094490687052409,moderately_high,114.67,0.04,119.26,114.6674,4.59,4.59,4816.03,5008.92,5076.53,192.89,
2025-09-17,xgboost,0,,39,60,40.53564453125,0.6755940755208333,neutral,115.42,0.0,115.42,115.4223,0.0,-0.0,4501.47,4501.38,4678.62,-0.09,
2025-09-18,xgboost,0,,36,60,42.35444259643555,0.7059073766072591,moderately_high,121.57,0.04,126.43,121.5672,4.86,4.86,4376.42,4551.48,5354.87,175.06,
2025-09-19,xgboost,0,,59,60,56.32527923583984,0.9387546539306639,very_high,198.09,0.12,221.86,198.088,23.77,23.77,11687.19,13089.74,12496.33,1402.55,
2025-09-20,xgboost,0,,60,60,57.83982467651367,0.9639970779418945,very_high,223.16,0.12,249.94,223.1585,26.78,26.78,13389.51,14996.4,14456.49,1606.89,
2025-09-21,xgboost,0,,40,60,37.30391311645508,0.6217318852742513,neutral,171.92,0.0,171.92,171.916,0.0,0.0,6876.64,6876.8,6413.29,0.16,
2025-09-22,xgboost,0,,33,60,40.364479064941406,0.6727413177490235,neutral,118.83,0.0,118.83,118.83,0.0,0.0,3921.39,3921.39,4796.51,0.0,
2025-09-23,xgboost,0,,42,60,39.51008224487305,0.6585013707478841,neutral,120.54,0.0,120.54,120.5381,0.0,0.0,5062.6,5062.68,4762.55,0.08,
2025-09-24,xgboost,0,,32,60,43.76911163330078,0.7294851938883463,moderately_high,121.76,0.04,126.63,121.7613,4.87,4.87,3896.36,4052.16,5542.48,155.8,
2025-09-25,xgboost,0,,39,60,44.322269439697266,0.7387044906616211,moderately_high,134.78,0.04,140.17,134.7797,5.39,5.39,5256.41,5466.63,6212.65,210.22,
2025-09-26,xgboost,0,,58,60,58.18173599243164,0.9696955998738607,very_high,186.48,0.12,208.86,186.4848,22.38,22.38,10816.12,12113.88,12151.84,1297.76,
2025-09-27,xgboost,0,,59,60,58.614532470703125,0.9769088745117187,very_high,193.28,0.12,216.47,193.281,23.19,23.19,11403.58,12771.73,12688.29,1368.15,
2025-09-28,xgboost,0,,36,60,39.44276428222656,0.6573794047037761,neutral,121.64,0.0,121.64,121.6378,0.0,0.0,4378.96,4379.04,4797.82,0.08,
2025-09-29,xgboost,0,,43,60,35.97538375854492,0.599589729309082,moderately_low,133.11,-0.04,127.79,133.1119,-5.32,-5.32,5723.81,5494.97,4597.29,-228.84,
2025-09-30,xgboost,0,,35,60,41.718711853027344,0.6953118642171224,neutral,127.26,0.0,127.26,127.2563,0.0,0.0,4453.97,4454.1,5309.12,0.13,
2025-10-01,xgboost,0,,23,60,42.96043014526367,0.7160071690877279,moderately_high,124.26,0.04,129.23,124.2591,4.97,4.97,2857.96,2972.29,5551.78,114.33,
2025-10-02,xgboost,0,,33,60,35.1791877746582,0.5863197962443034,moderately_low,161.67,-0.04,155.2,161.6691,-6.47,-6.47,5335.08,5121.6,5459.81,-213.48,
2025-10-03,xgboost,0,,60,60,58.37613296508789,0.9729355494181315,very_high,203.03,0.12,227.39,203.0305,24.36,24.36,12181.83,13643.4,13274.15,1461.57,
2025-10-04,xgboost,0,,59,60,59.53812789916992,0.992302131652832,very_high,204.82,0.12,229.4,204.8171,24.58,24.58,12084.21,13534.6,13658.05,1450.39,
2025-10-05,xgboost,0,,29,60,28.569843292236328,0.4761640548706055,low,106.09,-0.08,97.6,106.0862,-8.49,-8.49,3076.5,2830.4,2788.42,-246.1,
2025-10-06,xgboost,0,,34,60,38.73553466796875,0.6455922444661458,neutral,102.96,0.0,102.96,102.9579,0.0,0.0,3500.57,3500.64,3988.21,0.07,
2025-10-07,xgboost,0,,34,60,38.83401870727539,0.6472336451212565,neutral,113.33,0.0,113.33,113.3274,0.0,0.0,3853.13,3853.22,4401.06,0.09,
2025-10-08,xgboost,0,,41,60,43.143123626708984,0.7190520604451497,moderately_high,122.34,0.04,127.23,122.3354,4.89,4.89,5015.75,5216.43,5489.1,200.68,
2025-10-09,xgboost,0,,49,60,41.84328079223633,0.6973880132039388,neutral,129.14,0.0,129.14,129.1406,0.0,-0.0,6327.89,6327.86,5403.64,-0.03,
2025-10-10,xgboost,0,,58,60,59.27252197265625,0.9878753662109375,very_high,195.94,0.12,219.45,195.9421,23.51,23.51,11364.64,12728.1,13007.35,1363.46,
2025-10-11,xgboost,0,,60,60,59.4163932800293,0.9902732213338216,very_high,203.78,0.12,228.23,203.7838,24.45,24.45,12227.03,13693.8,13560.6,1466.77,
2025-10-12,xgboost,0,,59,60,36.51960372924805,0.6086600621541342,neutral,186.35,0.0,186.35,186.3459,0.0,0.0,10994.41,10994.65,6805.43,0.24,
2025-10-13,xgboost,0,,22,60,42.378135681152344,0.706302261352539,moderately_high,105.18,0.04,109.39,105.18,4.21,4.21,2313.96,2406.58,4635.74,92.62,
2025-10-14,xgboost,0,,37,60,31.099355697631836,0.5183225949605306,moderately_low,114.39,-0.04,109.81,114.3911,-4.58,-4.58,4232.47,4062.97,3415.02,-169.5,
2025-10-15,xgboost,0,,53,60,42.421539306640625,0.707025655110677,moderately_high,156.12,0.04,162.36,156.123,6.24,6.24,8274.52,8605.08,6887.56,330.56,
2025-10-16,xgboost,0,,57,60,53.07810974121094,0.8846351623535156,high,164.98,0.08,178.18,164.9849,13.2,13.2,9404.14,10156.26,9457.46,752.12,
2025-10-17,xgboost,0,,53,60,58.95681381225586,0.9826135635375977,very_high,224.88,0.12,251.87,224.8821,26.99,26.99,11918.75,13349.11,14849.45,1430.36,
2025-10-18,xgboost,0,,59,60,58.62944412231445,0.9771574020385743,very_high,229.48,0.12,257.02,229.4846,27.54,27.54,13539.59,15164.18,15068.94,1624.59,
2025-10-19,xgboost,0,,45,60,48.9937744140625,0.8165629069010417,high,155.28,0.08,167.7,155.2844,12.42,12.42,6987.8,7546.5,8216.26,558.7,
2025-10-20,xgboost,0,,42,60,35.84249496459961,0.5973749160766602,moderately_low,157.2,-0.04,150.91,157.2019,-6.29,-6.29,6602.48,6338.22,5408.99,-264.26,
2025-10-21,xgboost,0,,46,60,42.823604583740234,0.7137267430623372,moderately_high,111.59,0.04,116.05,111.5859,4.46,4.46,5132.95,5338.3,4969.68,205.35,
2025-10-22,xgboost,0,,28,60,45.74809646606445,0.7624682744344076,moderately_high,94.02,0.04,97.78,94.0161,3.76,3.76,2632.45,2737.84,4473.25,105.39,
2025-10-23,xgboost,0,,47,60,37.05952072143555,0.6176586786905924,neutral,125.96,0.0,125.96,125.957,0.0,0.0,5919.98,5920.12,4668.02,0.14,
2025-10-24,xgboost,0,,56,60,58.028099060058594,0.9671349843343099,very_high,213.18,0.12,238.76,213.1761,25.58,25.58,11937.86,13370.56,13854.79,1432.7,
2025-10-25,xgboost,0,,59,60,60.0,1.0,very_high,218.36,0.12,244.56,218.3632,26.2,26.2,12883.43,14429.04,14673.6,1545.61,
2025-10-26,xgboost,0,,29,60,45.083641052246094,0.7513940175374348,moderately_high,154.45,0.04,160.63,154.4493,6.18,6.18,4479.03,4658.27,7241.79,179.24,
2025-10-27,xgboost,0,,27,60,34.6346435546875,0.5772440592447917,moderately_low,137.53,-0.04,132.03,137.5259,-5.5,-5.5,3713.2,3564.81,4572.81,-148.39,
2025-10-28,xgboost,0,,40,60,39.93180847167969,0.6655301411946615,neutral,192.55,0.0,192.55,192.5495,0.0,0.0,7701.98,7702.0,7688.87,0.02,
2025-10-29,xgboost,0,,46,60,46.44743347167969,0.7741238911946614,moderately_high,181.18,0.04,188.43,181.1828,7.25,7.25,8334.41,8667.78,8752.09,333.37,
2025-10-30,xgboost,0,,45,60,50.08905029296875,0.8348175048828125,high,171.55,0.08,185.27,171.5522,13.72,13.72,7719.85,8337.15,9280.0,617.3,
2025-10-31,xgboost,0,,60,60,56.93805694580078,0.9489676157633463,very_high,186.7,0.12,209.1,186.7013,22.4,22.4,11202.08,12546.0,11905.75,1343.92,
2025-11-01,xgboost,0,,60,60,58.34869384765625,0.9724782307942709,very_high,208.5,0.12,233.52,208.4997,25.02,25.02,12509.98,14011.2,13625.59,1501.22,
2025-11-02,xgboost,0,,38,60,25.96733665466309,0.4327889442443848,low,162.11,-0.08,149.14,162.1118,-12.97,-12.97,6160.25,5667.32,3872.77,-492.93,
2025-11-03,xgboost,0,,21,60,29.580352783203125,0.4930058797200521,low,119.04,-0.08,109.52,119.0381,-9.52,-9.52,2499.8,2299.92,3239.64,-199.88,
2025-11-04,xgboost,0,,27,60,29.834257125854492,0.49723761876424155,low,121.2,-0.08,111.5,121.1978,-9.7,-9.7,3272.34,3010.5,3326.52,-261.84,
2025-11-05,xgboost,0,,20,60,37.67588424682617,0.6279314041137696,neutral,119.71,0.0,119.71,119.7105,0.0,-0.0,2394.21,2394.2,4510.18,-0.01,
2025-11-06,xgboost,0,,29,60,31.826007843017575,0.5304334640502929,moderately_low,106.57,-0.04,102.31,106.5655,-4.26,-4.26,3090.4,2966.99,3256.12,-123.41,
2025-11-07,xgboost,0,,60,60,54.48130798339844,0.9080217997233073,very_high,194.25,0.12,217.56,194.247,23.31,23.31,11654.82,13053.6,11852.95,1398.78,
2025-11-08,xgboost,0,,60,60,59.496543884277344,0.9916090647379557,very_high,197.47,0.12,221.17,197.4707,23.7,23.7,11848.24,13270.2,13158.85,1421.96,
2025-11-09,xgboost,0,,32,60,31.50858497619629,0.5251430829366048,moderately_low,140.56,-0.04,134.94,140.5628,-5.62,-5.62,4498.01,4318.08,4251.77,-179.93,
2025-11-10,xgboost,0,,35,60,34.12455368041992,0.5687425613403321,moderately_low,107.42,-0.04,103.12,107.4151,-4.3,-4.3,3759.53,3609.2,3518.92,-150.33,
2025-11-11,xgboost,0,,29,60,34.52622604370117,0.5754371007283529,moderately_low,90.55,-0.04,86.93,90.5514,-3.62,-3.62,2625.99,2520.97,3001.36,-105.02,
2025-11-12,xgboost,0,,29,60,32.44827651977539,0.5408046086629231,moderately_low,99.95,-0.04,95.95,99.9455,-4.0,-4.0,2898.42,2782.55,3113.41,-115.87,
2025-11-13,xgboost,0,,25,60,37.473838806152344,0.6245639801025391,neutral,122.96,0.0,122.96,122.958,0.0,0.0,3073.95,3074.0,4607.78,0.05,
2025-11-14,xgboost,0,,54,60,53.27667236328125,0.8879445393880209,high,148.14,0.08,159.99,148.1357,11.85,11.85,7999.33,8639.46,8523.73,640.13,
2025-11-15,xgboost,0,,59,60,60.0,1.0,very_high,166.05,0.12,185.98,166.0453,19.93,19.93,9796.67,10972.82,11158.8,1176.15,
2025-11-16,xgboost,0,,19,60,32.74501037597656,0.5457501729329427,moderately_low,138.23,-0.04,132.7,138.2311,-5.53,-5.53,2626.39,2521.3,4345.26,-105.09,
2025-11-17,xgboost,0,,11,60,31.534454345703125,0.5255742390950521,moderately_low,119.95,-0.04,115.15,119.9545,-4.8,-4.8,1319.5,1266.65,3631.19,-52.85,
2025-11-18,xgboost,0,,16,60,27.16987037658691,0.4528311729431152,low,112.87,-0.08,103.84,112.8675,-9.03,-9.03,1805.88,1661.44,2821.32,-144.44,
2025-11-19,xgboost,0,,27,60,29.062822341918945,0.4843803723653158,low,130.37,-0.08,119.94,130.3656,-10.43,-10.43,3519.87,3238.38,3485.79,-281.49,
2025-11-20,xgboost,0,,26,60,40.43079376220703,0.6738465627034506,neutral,116.48,0.0,116.48,116.4773,0.0,0.0,3028.41,3028.48,4709.38,0.07,
2025-11-21,xgboost,0,,58,60,53.88005828857422,0.898000971476237,high,148.88,0.08,160.79,148.8826,11.91,11.91,8635.19,9325.82,8663.37,690.63,
2025-11-22,xgboost,0,,58,60,60.0,1.0,very_high,161.24,0.12,180.59,161.2433,19.35,19.35,9352.11,10474.22,10835.4,1122.11,
2025-11-23,xgboost,0,,27,60,30.728355407714844,0.5121392567952474,moderately_low,120.85,-0.04,116.02,120.8522,-4.83,-4.83,3263.01,3132.54,3565.1,-130.47,
2025-11-24,xgboost,0,,30,60,36.75786209106445,0.6126310348510742,neutral,106.82,0.0,106.82,106.8233,0.0,-0.0,3204.7,3204.6,3926.47,-0.1,
2025-11-25,xgboost,0,,28,60,35.20008850097656,0.5866681416829427,moderately_low,113.77,-0.04,109.22,113.7704,-4.55,-4.55,3185.57,3058.16,3844.55,-127.41,
2025-11-26,xgboost,0,,42,60,35.23431396484375,0.5872385660807292,moderately_low,142.41,-0.04,136.71,142.4067,-5.7,-5.7,5981.08,5741.82,4816.88,-239.26,
2025-11-27,xgboost,0,,58,60,45.687538146972656,0.7614589691162109,moderately_high,148.0,0.04,153.92,148.0021,5.92,5.92,8584.12,8927.36,7032.23,343.24,
2025-11-28,xgboost,0,,59,60,57.91482162475586,0.9652470270792644,very_high,134.43,0.12,150.56,134.4264,16.13,16.13,7931.16,8883.04,8719.66,951.88,
2025-11-29,xgboost,0,,55,60,57.389671325683594,0.9564945220947265,very_high,134.85,0.12,151.03,134.8495,16.18,16.18,7416.72,8306.65,8667.56,889.93,
2025-11-30,xgboost,0,,28,60,30.20503807067871,0.5034173011779786,moderately_low,80.02,-0.04,76.82,80.0229,-3.2,-3.2,2240.64,2150.96,2320.35,-89.68,
2025-12-01,xgboost,0,,30,60,29.44622039794922,0.4907703399658203,low,72.27,-0.08,75.0,72.2717,2.73,2.73,2168.15,2250.0,2208.47,81.85,
2025-12-02,xgboost,0,,31,60,30.490802764892575,0.5081800460815429,moderately_low,75.14,-0.04,75.0,75.1413,-0.14,-0.14,2329.38,2325.0,2286.81,-4.38,
2025-12-03,xgboost,0,,28,60,34.68822479248047,0.5781370798746744,moderately_low,78.0,-0.04,75.0,78.0036,-3.0,-3.0,2184.1,2100.0,2601.62,-84.1,
2025-12-04,xgboost,0,,37,60,33.7274284362793,0.5621238072713216,moderately_low,89.15,-0.04,85.58,89.1519,-3.57,-3.57,3298.62,3166.46,2886.39,-132.16,
2025-12-05,xgboost,0,,50,60,56.78971481323242,0.946495246887207,very_high,132.09,0.12,147.94,132.0934,15.85,15.85,6604.67,7397.0,8401.47,792.33,
2025-12-06,xgboost,0,,60,60,60.0,1.0,very_high,160.63,0.12,179.91,160.6328,19.28,19.28,9637.97,10794.6,10794.6,1156.63,
2025-12-07,xgboost,0,,36,60,30.710195541381836,0.5118365923563639,moderately_low,150.83,-0.04,144.8,150.8289,-6.03,-6.03,5429.84,5212.8,4446.84,-217.04,
2025-12-08,xgboost,0,,26,60,36.31272888183594,0.605212148030599,neutral,97.41,0.0,97.41,97.4112,0.0,-0.0,2532.69,2532.66,3537.22,-0.03,
2025-12-09,xgboost,0,,40,60,31.665082931518555,0.5277513821919759,moderately_low,88.26,-0.04,84.73,88.258,-3.53,-3.53,3530.32,3389.2,2682.98,-141.12,
2025-12-10,xgboost,0,,21,60,39.60954666137695,0.6601591110229492,neutral,98.13,0.0,98.13,98.1276,0.0,0.0,2060.68,2060.73,3886.88,0.05,
2025-12-11,xgboost,0,,24,60,30.03845596313477,0.5006409327189129,moderately_low,91.45,-0.04,87.79,91.4454,-3.66,-3.66,2194.69,2106.96,2637.08,-87.73,
2025-12-12,xgboost,0,,50,60,45.587589263916016,0.7597931543986003,moderately_high,121.16,0.04,126.01,121.1636,4.85,4.85,6058.18,6300.5,5744.49,242.32,
2025-12-13,xgboost,0,,52,60,56.32771682739258,0.9387952804565429,very_high,126.06,0.12,141.19,126.0563,15.13,15.13,6554.93,7341.88,7952.91,786.95,
2025-12-14,xgboost,0,,24,60,30.943599700927734,0.5157266616821289,moderately_low,84.46,-0.04,81.08,84.4613,-3.38,-3.38,2027.07,1945.92,2508.91,-81.15,
2025-12-15,xgboost,0,,18,60,26.06917953491211,0.4344863255818685,low,88.97,-0.08,81.85,88.9683,-7.12,-7.12,1601.43,1473.3,2133.76,-128.13,
2025-12-16,xgboost,0,,23,60,27.704063415527344,0.46173439025878904,low,88.69,-0.08,81.59,88.6865,-7.1,-7.1,2039.79,1876.57,2260.37,-163.22,
2025-12-17,xgboost,0,,34,60,31.828842163085938,0.530480702718099,moderately_low,99.47,-0.04,95.49,99.4729,-3.98,-3.98,3382.08,3246.66,3039.34,-135.42,
2025-12-18,xgboost,0,,43,60,40.25011444091797,0.6708352406819661,neutral,114.29,0.0,114.29,114.2879,0.0,0.0,4914.38,4914.47,4600.19,0.09,
2025-12-19,xgboost,0,,49,60,48.54313659667969,0.8090522766113282,high,134.12,0.08,144.85,134.1237,10.73,10.73,6572.06,7097.65,7031.47,525.59,
2025-12-20,xgboost,0,,57,60,56.34633255004883,0.9391055425008138,very_high,127.99,0.12,143.35,127.9858,15.36,15.36,7295.19,8170.95,8077.25,875.76,
2025-12-21,xgboost,0,,35,60,33.90801239013672,0.565133539835612,moderately_low,99.37,-0.04,95.4,99.3683,-3.97,-3.97,3477.89,3339.0,3234.82,-138.89,
2025-12-22,xgboost,0,,28,60,33.38331604003906,0.5563886006673177,moderately_low,108.55,-0.04,104.21,108.5457,-4.34,-4.34,3039.28,2917.88,3478.88,-121.4,
2025-12-23,xgboost,0,,27,60,32.9375114440918,0.5489585240681966,moderately_low,109.67,-0.04,105.28,109.6678,-4.39,-4.39,2961.03,2842.56,3467.66,-118.47,
2025-12-24,xgboost,0,,40,60,39.018280029296875,0.650304667154948,neutral,110.0,0.0,110.0,109.9982,0.0,0.0,4399.93,4400.0,4292.01,0.07,
2025-12-25,xgboost,0,,31,60,43.654598236083984,0.7275766372680664,moderately_high,106.05,0.04,110.29,106.0458,4.24,4.24,3287.42,3418.99,4814.67,131.57,
2025-12-26,xgboost,0,,40,60,50.37145233154297,0.8395242055257162,high,137.65,0.08,148.66,137.6513,11.01,11.01,5506.05,5946.4,7488.22,440.35,
2025-12-27,xgboost,0,,44,60,58.64253616333008,0.977375602722168,very_high,146.16,0.12,163.7,146.1607,17.54,17.54,6431.07,7202.8,9599.78,771.73,
2025-12-28,xgboost,0,,30,60,34.25820541381836,0.570970090230306,moderately_low,111.95,-0.04,107.47,111.9517,-4.48,-4.48,3358.55,3224.1,3681.73,-134.45,
2025-12-29,xgboost,0,,28,60,37.24212646484375,0.6207021077473959,neutral,112.99,0.0,112.99,112.9929,0.0,-0.0,3163.8,3163.72,4207.99,-0.08,
2025-12-30,xgboost,0,,36,60,38.56644821166992,0.6427741368611654,neutral,149.0,0.0,149.0,149.0019,0.0,-0.0,5364.07,5364.0,5746.4,-0.07,
2025-12-31,xgboost,0,,55,60,39.94056701660156,0.6656761169433594,neutral,187.26,0.0,187.26,187.2595,0.0,0.0,10299.27,10299.3,7479.27,0.03,
